m_label,queries,median_slowdown,mean_slowdown,within_2x,within_3x,max_slowdown,max_query
m=128,19,1.1525324922669404,2.7970045060709956,13,16,19.040411272136456,Q1
m=256,19,1.2774644967712763,3.982504459504176,13,15,35.28326435162423,Q1
m=512,19,1.4545346905593746,6.167046364163178,12,14,65.009533611828,Q1
